age,delo,delo_std,delo_scaled
0,3.23,0.03,0.0
1,3.23,0.04,0.0
2,3.18,0.03,-0.027999999999999903
3,3.29,0.03,0.03360000000000003
4,3.3,0.03,0.039199999999999915
5,3.26,0.03,0.01679999999999989
6,3.33,0.04,0.05600000000000006
7,3.37,0.04,0.07840000000000008
8,3.42,0.03,0.10639999999999998
9,3.38,0.04,0.08399999999999996
10,3.52,0.04,0.16240000000000004
11,3.6,0.04,0.20720000000000008
12,3.92,0.05,0.3864
13,4.06,0.04,0.4647999999999998
14,4.28,0.03,0.5880000000000002
15,4.49,0.04,0.7056000000000002
16,4.75,0.03,0.8512000000000001
17,4.88,0.04,0.924
18,5.02,0.03,1.0024
19,4.96,0.03,0.9688000000000001
20,4.99,0.04,0.9856000000000003
21,4.91,0.03,0.9408000000000002
22,4.88,0.03,0.924
23,4.86,0.03,0.9128000000000003
24,4.81,0.04,0.8847999999999999
25,4.82,0.02,0.8904000000000003
26,4.67,0.04,0.8064
27,4.75,0.04,0.8512000000000001
28,4.75,0.03,0.8512000000000001
29,4.73,0.03,0.8400000000000003
30,4.62,0.04,0.7784000000000001
31,4.62,0.03,0.7784000000000001
32,4.6,0.03,0.7671999999999999
33,4.58,0.03,0.7560000000000001
34,4.59,0.03,0.7616
35,4.54,0.02,0.7336000000000001
36,4.45,0.03,0.6832000000000001
37,4.46,0.03,0.6888000000000001
38,4.41,0.03,0.6608000000000002
39,4.55,0.03,0.7392
40,4.55,0.03,0.7392
41,4.51,0.05,0.7168
42,4.5,0.03,0.7112
43,4.46,0.04,0.6888000000000001
44,4.48,0.03,0.7000000000000003
45,4.33,0.04,0.6160000000000001
46,4.36,0.05,0.6328000000000003
47,4.38,0.04,0.644
48,4.45,0.04,0.6832000000000001
49,4.46,0.03,0.6888000000000001
50,4.34,0.04,0.6216
51,4.33,0.05,0.6160000000000001
52,4.31,0.04,0.6047999999999999
53,4.44,0.03,0.6776000000000003
54,4.38,0.04,0.644
55,4.31,0.03,0.6047999999999999
56,4.35,0.04,0.6271999999999999
57,4.43,0.04,0.6719999999999999
58,4.49,0.06,0.7056000000000002
59,4.43,0.04,0.6719999999999999
60,4.6,0.04,0.7671999999999999
61,4.51,0.05,0.7168
62,4.6,0.04,0.7671999999999999
63,4.53,0.04,0.7280000000000002
64,4.36,0.06,0.6328000000000003
65,4.48,0.05,0.7000000000000003
66,4.57,0.04,0.7504000000000003
67,4.44,0.05,0.6776000000000003
68,4.42,0.06,0.6664
69,4.47,0.05,0.6943999999999999
70,4.32,0.04,0.6104000000000003
71,4.22,0.05,0.5543999999999999
72,4.21,0.04,0.5488000000000001
73,4.23,0.04,0.5600000000000003
74,4.03,0.04,0.4480000000000002
75,3.95,0.04,0.40320000000000017
76,4.06,0.04,0.4647999999999998
77,4.08,0.05,0.4760000000000001
78,4.05,0.03,0.45919999999999994
79,4.05,0.05,0.45919999999999994
80,3.9,0.04,0.3752
81,3.82,0.04,0.33039999999999997
82,3.8,0.04,0.31919999999999993
83,3.83,0.04,0.3360000000000001
84,3.82,0.04,0.33039999999999997
85,3.95,0.06,0.40320000000000017
86,4.06,0.05,0.4647999999999998
87,4.18,0.05,0.5319999999999999
88,4.11,0.05,0.49280000000000024
89,4.08,0.04,0.4760000000000001
90,4.06,0.05,0.4647999999999998
91,4.03,0.04,0.4480000000000002
92,3.98,0.04,0.42000000000000004
93,3.9,0.03,0.3752
94,3.84,0.04,0.34159999999999996
95,3.77,0.05,0.30240000000000006
96,3.75,0.03,0.2912
97,3.83,0.04,0.3360000000000001
98,3.9,0.04,0.3752
99,3.78,0.06,0.30799999999999994
100,3.81,0.06,0.3248000000000001
101,3.92,0.05,0.3864
102,3.86,0.05,0.35279999999999995
103,3.88,0.04,0.364
104,3.92,0.05,0.3864
105,3.85,0.06,0.3472000000000001
106,4.0,0.04,0.4312
107,4.04,0.05,0.45360000000000006
108,4.11,0.04,0.49280000000000024
109,4.12,0.05,0.4984000000000001
110,4.04,0.05,0.45360000000000006
111,4.02,0.05,0.4423999999999998
112,4.03,0.04,0.4480000000000002
113,3.93,0.05,0.3920000000000001
114,3.81,0.05,0.3248000000000001
115,3.71,0.04,0.26880000000000004
116,3.58,0.04,0.19600000000000006
117,3.54,0.05,0.17360000000000006
118,3.44,0.06,0.1176
119,3.3,0.03,0.039199999999999915
120,3.27,0.04,0.02240000000000002
121,3.26,0.04,0.01679999999999989
122,3.18,0.03,-0.027999999999999903
123,3.1,0.05,-0.07279999999999995
124,3.27,0.04,0.02240000000000002
125,3.14,0.06,-0.050399999999999924
126,3.16,0.04,-0.039199999999999915
127,3.37,0.05,0.07840000000000008
128,3.71,0.07,0.26880000000000004
129,3.9,0.08,0.3752
130,3.67,0.09,0.24639999999999998
131,3.81,0.09,0.3248000000000001
132,4.2,0.06,0.5432000000000001
133,4.41,0.05,0.6608000000000002
134,4.7,0.05,0.8232000000000002
135,4.86,0.04,0.9128000000000003
136,4.82,0.05,0.8904000000000003
137,4.8,0.05,0.8792
138,4.89,0.04,0.9295999999999999
139,4.87,0.05,0.9184000000000001
140,4.98,0.05,0.9800000000000003
141,4.81,0.05,0.8847999999999999
142,4.75,0.06,0.8512000000000001
143,4.78,0.05,0.8680000000000002
144,4.82,0.05,0.8904000000000003
145,4.74,0.05,0.8456000000000002
146,4.77,0.05,0.8623999999999998
147,4.82,0.05,0.8904000000000003
148,4.71,0.05,0.8288000000000001
149,4.75,0.04,0.8512000000000001
150,4.75,0.06,0.8512000000000001
151,4.66,0.06,0.8008000000000002
152,4.64,0.05,0.7895999999999999
153,4.62,0.04,0.7784000000000001
154,4.66,0.04,0.8008000000000002
155,4.51,0.04,0.7168
156,4.78,0.04,0.8680000000000002
157,4.74,0.04,0.8456000000000002
158,4.69,0.03,0.8176000000000003
159,4.66,0.05,0.8008000000000002
160,4.69,0.05,0.8176000000000003
161,4.65,0.04,0.7952000000000002
162,4.66,0.05,0.8008000000000002
163,4.7,0.06,0.8232000000000002
164,4.68,0.05,0.8119999999999999
165,4.68,0.05,0.8119999999999999
166,4.48,0.04,0.7000000000000003
167,4.41,0.06,0.6608000000000002
168,4.48,0.04,0.7000000000000003
169,4.5,0.04,0.7112
170,4.5,0.03,0.7112
171,4.53,0.04,0.7280000000000002
172,4.46,0.03,0.6888000000000001
173,4.38,0.03,0.644
174,4.28,0.04,0.5880000000000002
175,4.32,0.05,0.6104000000000003
176,4.39,0.04,0.6495999999999998
177,4.46,0.04,0.6888000000000001
178,4.44,0.03,0.6776000000000003
179,4.48,0.05,0.7000000000000003
180,4.39,0.06,0.6495999999999998
181,4.46,0.03,0.6888000000000001
182,4.48,0.05,0.7000000000000003
183,4.37,0.04,0.6384000000000001
184,4.4,0.06,0.6552000000000002
185,4.59,0.06,0.7616
186,4.47,0.04,0.6943999999999999
187,4.4,0.05,0.6552000000000002
188,4.46,0.05,0.6888000000000001
189,4.39,0.04,0.6495999999999998
190,4.28,0.05,0.5880000000000002
191,4.13,0.05,0.504
192,3.76,0.05,0.2967999999999999
193,3.92,0.05,0.3864
194,3.84,0.07,0.34159999999999996
195,3.91,0.05,0.38080000000000014
196,3.82,0.04,0.33039999999999997
197,3.74,0.06,0.28560000000000013
198,3.82,0.04,0.33039999999999997
199,3.57,0.05,0.19039999999999993
200,3.53,0.07,0.16799999999999993
201,3.53,0.03,0.16799999999999993
202,3.63,0.06,0.22399999999999998
203,3.61,0.07,0.21279999999999996
204,3.78,0.05,0.30799999999999994
205,3.82,0.06,0.33039999999999997
206,3.77,0.07,0.30240000000000006
207,3.78,0.08,0.30799999999999994
208,3.71,0.07,0.26880000000000004
209,3.64,0.06,0.2296000000000001
210,3.57,0.07,0.19039999999999993
211,3.6,0.06,0.20720000000000008
212,3.61,0.06,0.21279999999999996
213,3.65,0.06,0.2352
214,3.56,0.07,0.18480000000000005
215,3.54,0.05,0.17360000000000006
216,3.53,0.04,0.16799999999999993
217,3.48,0.09,0.14
218,3.72,0.05,0.27440000000000014
219,3.94,0.05,0.3976
220,3.98,0.06,0.42000000000000004
221,4.23,0.06,0.5600000000000003
222,4.38,0.09,0.644
223,4.44,0.07,0.6776000000000003
224,4.39,0.07,0.6495999999999998
225,4.28,0.06,0.5880000000000002
226,4.29,0.05,0.5936000000000001
227,4.19,0.05,0.5376000000000003
228,4.19,0.12,0.5376000000000003
229,4.02,0.08,0.4423999999999998
230,4.3,0.06,0.5992
231,4.22,0.07,0.5543999999999999
232,4.17,0.07,0.5264
233,3.97,0.06,0.41440000000000016
234,3.84,0.05,0.34159999999999996
235,3.71,0.06,0.26880000000000004
236,3.66,0.05,0.24080000000000013
237,3.47,0.04,0.13440000000000013
238,3.51,0.06,0.1567999999999999
239,3.44,0.04,0.1176
240,3.44,0.06,0.1176
241,3.54,0.08,0.17360000000000006
242,3.68,0.06,0.2520000000000001
243,3.78,0.08,0.30799999999999994
244,4.05,0.06,0.45919999999999994
245,4.17,0.06,0.5264
246,4.38,0.05,0.644
247,4.31,0.04,0.6047999999999999
248,4.38,0.07,0.644
249,4.36,0.05,0.6328000000000003
250,4.5,0.05,0.7112
251,4.58,0.04,0.7560000000000001
252,4.63,0.04,0.784
253,4.52,0.06,0.7223999999999998
254,4.57,0.04,0.7504000000000003
255,4.37,0.05,0.6384000000000001
256,4.43,0.06,0.6719999999999999
257,4.55,0.05,0.7392
258,4.51,0.05,0.7168
259,4.52,0.04,0.7223999999999998
260,4.46,0.06,0.6888000000000001
261,4.52,0.03,0.7223999999999998
262,4.45,0.05,0.6832000000000001
263,4.46,0.05,0.6888000000000001
264,4.42,0.04,0.6664
265,4.44,0.05,0.6776000000000003
266,4.5,0.05,0.7112
267,4.5,0.05,0.7112
268,4.33,0.06,0.6160000000000001
269,4.52,0.06,0.7223999999999998
270,4.51,0.06,0.7168
271,4.5,0.05,0.7112
272,4.44,0.06,0.6776000000000003
273,4.44,0.03,0.6776000000000003
274,4.38,0.04,0.644
275,4.38,0.05,0.644
276,4.3,0.06,0.5992
277,4.44,0.05,0.6776000000000003
278,4.31,0.05,0.6047999999999999
279,4.23,0.07,0.5600000000000003
280,4.14,0.05,0.5095999999999998
281,4.21,0.04,0.5488000000000001
282,3.98,0.05,0.42000000000000004
283,3.87,0.06,0.3584000000000001
284,3.86,0.04,0.35279999999999995
285,3.84,0.04,0.34159999999999996
286,3.82,0.05,0.33039999999999997
287,3.89,0.04,0.3696000000000001
288,4.02,0.06,0.4423999999999998
289,4.06,0.05,0.4647999999999998
290,4.1,0.06,0.48719999999999986
291,4.11,0.04,0.49280000000000024
292,4.27,0.07,0.5823999999999998
293,4.22,0.06,0.5543999999999999
294,4.33,0.05,0.6160000000000001
295,4.31,0.03,0.6047999999999999
296,4.23,0.04,0.5600000000000003
297,4.3,0.06,0.5992
298,4.17,0.04,0.5264
299,4.23,0.04,0.5600000000000003
300,4.02,0.07,0.4423999999999998
301,4.06,0.07,0.4647999999999998
302,4.06,0.07,0.4647999999999998
303,4.0,0.06,0.4312
304,4.07,0.04,0.4704000000000002
305,4.07,0.07,0.4704000000000002
306,4.05,0.06,0.45919999999999994
307,4.0,0.04,0.4312
308,3.85,0.04,0.3472000000000001
309,3.86,0.06,0.35279999999999995
310,3.8,0.06,0.31919999999999993
311,3.7,0.04,0.26320000000000016
312,3.79,0.05,0.31360000000000005
313,3.69,0.06,0.2576
314,3.77,0.06,0.30240000000000006
315,3.62,0.06,0.2184000000000001
316,3.69,0.07,0.2576
317,3.89,0.05,0.3696000000000001
318,3.76,0.04,0.2967999999999999
319,3.58,0.05,0.19600000000000006
320,3.66,0.05,0.24080000000000013
321,3.53,0.05,0.16799999999999993
322,3.53,0.05,0.16799999999999993
323,3.47,0.05,0.13440000000000013
324,3.21,0.05,-0.01120000000000001
325,3.31,0.04,0.04480000000000004
326,3.23,0.04,0.0
327,3.22,0.04,-0.005599999999999881
328,3.23,0.05,0.0
329,3.19,0.04,-0.02240000000000002
330,3.3,0.04,0.039199999999999915
331,3.29,0.06,0.03360000000000003
332,3.39,0.08,0.08960000000000008
333,3.38,0.07,0.08399999999999996
334,3.51,0.08,0.1567999999999999
335,3.75,0.08,0.2912
336,4.08,0.08,0.4760000000000001
337,4.23,0.08,0.5600000000000003
338,4.17,0.07,0.5264
339,4.42,0.07,0.6664
340,4.6,0.06,0.7671999999999999
341,4.84,0.06,0.9016000000000001
342,4.83,0.05,0.8960000000000001
343,4.8,0.07,0.8792
344,4.76,0.07,0.8568
345,4.79,0.05,0.8736000000000002
346,4.68,0.06,0.8119999999999999
347,4.53,0.07,0.7280000000000002
348,4.49,0.1,0.7056000000000002
349,4.62,0.04,0.7784000000000001
350,4.67,0.05,0.8064
351,4.64,0.05,0.7895999999999999
352,4.47,0.09,0.6943999999999999
353,4.47,0.05,0.6943999999999999
354,4.4,0.06,0.6552000000000002
355,4.59,0.04,0.7616
356,4.46,0.07,0.6888000000000001
357,4.55,0.07,0.7392
358,4.58,0.04,0.7560000000000001
359,4.49,0.08,0.7056000000000002
360,4.54,0.04,0.7336000000000001
361,4.5,0.06,0.7112
362,4.5,0.04,0.7112
363,4.53,0.05,0.7280000000000002
364,4.36,0.04,0.6328000000000003
365,4.46,0.05,0.6888000000000001
366,4.32,0.06,0.6104000000000003
367,4.37,0.04,0.6384000000000001
368,4.4,0.05,0.6552000000000002
369,4.38,0.04,0.644
370,4.36,0.05,0.6328000000000003
371,4.27,0.05,0.5823999999999998
372,4.42,0.04,0.6664
373,4.29,0.07,0.5936000000000001
374,4.34,0.06,0.6216
375,4.2,0.05,0.5432000000000001
376,4.21,0.05,0.5488000000000001
377,4.2,0.04,0.5432000000000001
378,4.19,0.03,0.5376000000000003
379,4.17,0.05,0.5264
380,4.19,0.05,0.5376000000000003
381,4.15,0.03,0.5152000000000002
382,4.05,0.06,0.45919999999999994
383,4.12,0.03,0.4984000000000001
384,4.08,0.05,0.4760000000000001
385,4.14,0.03,0.5095999999999998
386,4.02,0.07,0.4423999999999998
387,3.99,0.04,0.42560000000000014
388,3.92,0.04,0.3864
389,3.89,0.04,0.3696000000000001
390,3.96,0.06,0.40880000000000005
391,4.0,0.05,0.4312
392,3.97,0.03,0.41440000000000016
393,3.86,0.05,0.35279999999999995
394,3.92,0.05,0.3864
395,3.76,0.05,0.2967999999999999
396,3.72,0.04,0.27440000000000014
397,3.47,0.09,0.13440000000000013
398,3.54,0.04,0.17360000000000006
399,3.48,0.06,0.14
400,3.32,0.04,0.050399999999999924
401,3.2,0.05,-0.01679999999999989
402,3.17,0.05,-0.03360000000000003
403,3.15,0.04,-0.04480000000000004
404,3.2,0.05,-0.01679999999999989
405,3.11,0.04,-0.06720000000000007
406,3.19,0.04,-0.02240000000000002
407,3.21,0.05,-0.01120000000000001
408,3.17,0.06,-0.03360000000000003
409,3.22,0.06,-0.005599999999999881
410,3.15,0.06,-0.04480000000000004
411,3.29,0.05,0.03360000000000003
412,3.31,0.04,0.04480000000000004
413,3.38,0.03,0.08399999999999996
414,3.41,0.04,0.1008000000000001
415,3.41,0.05,0.1008000000000001
416,3.51,0.06,0.1567999999999999
417,3.57,0.05,0.19039999999999993
418,3.75,0.05,0.2912
419,3.81,0.03,0.3248000000000001
420,3.77,0.06,0.30240000000000006
421,3.85,0.07,0.3472000000000001
422,3.94,0.05,0.3976
423,4.02,0.07,0.4423999999999998
424,3.92,0.07,0.3864
425,4.3,0.14,0.5992
426,4.5,0.07,0.7112
427,4.3,0.1,0.5992
428,4.72,0.06,0.8343999999999999
429,4.91,0.07,0.9408000000000002
430,4.98,0.07,0.9800000000000003
431,5.05,0.05,1.0192
432,5.05,0.08,1.0192
433,5.08,0.05,1.0360000000000003
434,5.08,0.05,1.0360000000000003
435,5.02,0.1,1.0024
436,5.07,0.04,1.0304000000000002
437,4.9,0.08,0.9352000000000003
438,4.79,0.1,0.8736000000000002
439,4.87,0.06,0.9184000000000001
440,4.76,0.09,0.8568
441,4.95,0.07,0.9632000000000002
442,4.96,0.05,0.9688000000000001
443,4.91,0.04,0.9408000000000002
444,4.82,0.07,0.8904000000000003
445,4.91,0.05,0.9408000000000002
446,4.82,0.05,0.8904000000000003
447,4.51,0.08,0.7168
448,4.77,0.06,0.8623999999999998
449,4.73,0.06,0.8400000000000003
450,4.75,0.06,0.8512000000000001
451,4.58,0.06,0.7560000000000001
452,4.73,0.05,0.8400000000000003
453,4.56,0.09,0.7447999999999999
454,4.6,0.04,0.7671999999999999
455,4.41,0.09,0.6608000000000002
456,4.62,0.05,0.7784000000000001
457,4.63,0.08,0.784
458,4.55,0.05,0.7392
459,4.63,0.06,0.784
460,4.56,0.07,0.7447999999999999
461,4.59,0.04,0.7616
462,4.61,0.05,0.7728000000000003
463,4.61,0.05,0.7728000000000003
464,4.44,0.05,0.6776000000000003
465,4.57,0.04,0.7504000000000003
466,4.46,0.03,0.6888000000000001
467,4.44,0.06,0.6776000000000003
468,4.38,0.04,0.644
469,4.51,0.04,0.7168
470,4.33,0.05,0.6160000000000001
471,4.25,0.07,0.5712
472,4.32,0.05,0.6104000000000003
473,4.36,0.05,0.6328000000000003
474,4.39,0.06,0.6495999999999998
475,4.35,0.03,0.6271999999999999
476,4.3,0.05,0.5992
477,4.27,0.03,0.5823999999999998
478,4.22,0.04,0.5543999999999999
479,4.12,0.04,0.4984000000000001
480,4.12,0.04,0.4984000000000001
481,4.17,0.05,0.5264
482,4.01,0.03,0.4367999999999999
483,3.97,0.03,0.41440000000000016
484,3.79,0.05,0.31360000000000005
485,3.81,0.07,0.3248000000000001
486,3.76,0.05,0.2967999999999999
487,3.72,0.06,0.27440000000000014
488,3.67,0.04,0.24639999999999998
489,3.6,0.04,0.20720000000000008
490,3.54,0.06,0.17360000000000006
491,3.47,0.07,0.13440000000000013
492,3.63,0.05,0.22399999999999998
493,3.72,0.04,0.27440000000000014
494,3.83,0.07,0.3360000000000001
495,3.83,0.07,0.3360000000000001
496,3.83,0.05,0.3360000000000001
497,3.68,0.06,0.2520000000000001
498,3.82,0.04,0.33039999999999997
499,3.75,0.06,0.2912
500,3.84,0.04,0.34159999999999996
501,3.78,0.05,0.30799999999999994
502,3.75,0.06,0.2912
503,3.81,0.04,0.3248000000000001
504,3.91,0.05,0.38080000000000014
505,3.86,0.07,0.35279999999999995
506,4.01,0.04,0.4367999999999999
507,3.93,0.07,0.3920000000000001
508,4.16,0.09,0.5208000000000002
509,4.06,0.04,0.4647999999999998
510,4.14,0.05,0.5095999999999998
511,4.06,0.06,0.4647999999999998
512,4.22,0.07,0.5543999999999999
513,4.25,0.03,0.5712
514,4.1,0.05,0.48719999999999986
515,4.1,0.06,0.48719999999999986
516,4.01,0.05,0.4367999999999999
517,3.96,0.08,0.40880000000000005
518,4.07,0.06,0.4704000000000002
519,3.96,0.05,0.40880000000000005
520,3.95,0.05,0.40320000000000017
521,3.91,0.08,0.38080000000000014
522,3.88,0.04,0.364
523,3.93,0.05,0.3920000000000001
524,3.83,0.06,0.3360000000000001
525,3.92,0.06,0.3864
526,3.97,0.09,0.41440000000000016
527,3.96,0.07,0.40880000000000005
528,3.92,0.08,0.3864
529,3.99,0.05,0.42560000000000014
530,3.97,0.08,0.41440000000000016
531,3.92,0.07,0.3864
532,4.01,0.07,0.4367999999999999
533,4.11,0.07,0.49280000000000024
534,4.27,0.06,0.5823999999999998
535,4.29,0.07,0.5936000000000001
536,4.55,0.06,0.7392
537,4.43,0.06,0.6719999999999999
538,4.54,0.05,0.7336000000000001
539,4.48,0.08,0.7000000000000003
540,4.53,0.06,0.7280000000000002
541,4.5,0.06,0.7112
542,4.45,0.05,0.6832000000000001
543,4.45,0.09,0.6832000000000001
544,4.46,0.08,0.6888000000000001
545,4.43,0.05,0.6719999999999999
546,4.51,0.07,0.7168
547,4.53,0.07,0.7280000000000002
548,4.55,0.04,0.7392
549,4.53,0.05,0.7280000000000002
550,4.5,0.06,0.7112
551,4.45,0.07,0.6832000000000001
552,4.52,0.06,0.7223999999999998
553,4.46,0.05,0.6888000000000001
554,4.29,0.08,0.5936000000000001
555,4.25,0.05,0.5712
556,4.39,0.06,0.6495999999999998
557,4.35,0.04,0.6271999999999999
558,4.25,0.05,0.5712
559,4.17,0.05,0.5264
560,4.14,0.03,0.5095999999999998
561,4.21,0.05,0.5488000000000001
562,4.14,0.08,0.5095999999999998
563,4.17,0.06,0.5264
564,4.01,0.05,0.4367999999999999
565,3.96,0.03,0.40880000000000005
566,3.86,0.06,0.35279999999999995
567,3.94,0.04,0.3976
568,4.0,0.04,0.4312
569,3.97,0.07,0.41440000000000016
570,3.91,0.04,0.38080000000000014
571,3.89,0.06,0.3696000000000001
572,3.59,0.05,0.20159999999999995
573,3.65,0.05,0.2352
574,3.73,0.07,0.28
575,3.39,0.06,0.08960000000000008
576,3.46,0.05,0.1288
577,3.48,0.04,0.14
578,3.5,0.07,0.15120000000000003
579,3.57,0.06,0.19039999999999993
580,3.69,0.05,0.2576
581,4.0,0.06,0.4312
582,4.13,0.14,0.504
583,4.29,0.1,0.5936000000000001
584,4.31,0.1,0.6047999999999999
585,4.33,0.07,0.6160000000000001
586,4.18,0.08,0.5319999999999999
587,4.11,0.13,0.49280000000000024
588,4.19,0.04,0.5376000000000003
589,4.07,0.08,0.4704000000000002
590,4.09,0.05,0.4816
591,4.07,0.04,0.4704000000000002
592,4.02,0.08,0.4423999999999998
593,3.99,0.09,0.42560000000000014
594,3.9,0.06,0.3752
595,3.88,0.08,0.364
596,3.89,0.08,0.3696000000000001
597,3.8,0.07,0.31919999999999993
598,3.99,0.05,0.42560000000000014
599,4.02,0.07,0.4423999999999998
600,4.07,0.0,0.4704000000000002
602,3.97,0.05,0.41440000000000016
604,3.77,0.06,0.30240000000000006
606,3.8,0.07,0.31919999999999993
608,3.8,0.05,0.31919999999999993
610,3.49,0.04,0.14560000000000015
612,3.52,0.06,0.16240000000000004
614,3.53,0.05,0.16799999999999993
616,3.66,0.05,0.24080000000000013
618,3.81,0.08,0.3248000000000001
620,4.09,0.09,0.4816
622,4.31,0.08,0.6047999999999999
624,4.63,0.07,0.784
626,4.9,0.06,0.9352000000000003
628,5.01,0.07,0.9968
630,5.08,0.06,1.0360000000000003
632,5.05,0.05,1.0192
634,4.93,0.06,0.952
636,5.0,0.04,0.9912000000000001
638,4.8,0.05,0.8792
640,5.01,0.06,0.9968
642,4.75,0.05,0.8512000000000001
644,4.68,0.08,0.8119999999999999
646,4.72,0.05,0.8343999999999999
648,4.75,0.05,0.8512000000000001
650,4.71,0.06,0.8288000000000001
652,4.79,0.05,0.8736000000000002
654,4.77,0.05,0.8623999999999998
656,4.57,0.05,0.7504000000000003
658,4.58,0.04,0.7560000000000001
660,4.64,0.05,0.7895999999999999
662,4.8,0.07,0.8792
664,4.58,0.04,0.7560000000000001
666,4.5,0.05,0.7112
668,4.65,0.04,0.7952000000000002
670,4.42,0.05,0.6664
672,4.52,0.06,0.7223999999999998
674,4.46,0.04,0.6888000000000001
676,4.4,0.05,0.6552000000000002
678,4.26,0.05,0.5768
680,4.14,0.06,0.5095999999999998
682,4.15,0.06,0.5152000000000002
684,4.03,0.07,0.4480000000000002
686,4.13,0.05,0.504
688,3.95,0.06,0.40320000000000017
690,3.7,0.05,0.26320000000000016
692,3.71,0.06,0.26880000000000004
694,3.64,0.06,0.2296000000000001
696,3.5,0.04,0.15120000000000003
698,3.57,0.04,0.19039999999999993
700,3.65,0.05,0.2352
702,3.76,0.05,0.2967999999999999
704,3.84,0.05,0.34159999999999996
706,3.93,0.05,0.3920000000000001
708,4.03,0.07,0.4480000000000002
710,3.98,0.07,0.42000000000000004
712,4.06,0.09,0.4647999999999998
714,4.29,0.06,0.5936000000000001
716,4.61,0.08,0.7728000000000003
718,4.75,0.07,0.8512000000000001
720,4.66,0.09,0.8008000000000002
722,4.65,0.06,0.7952000000000002
724,4.44,0.06,0.6776000000000003
726,4.32,0.05,0.6104000000000003
728,4.16,0.05,0.5208000000000002
730,4.16,0.04,0.5208000000000002
732,4.02,0.07,0.4423999999999998
734,4.15,0.04,0.5152000000000002
736,4.19,0.06,0.5376000000000003
738,4.21,0.06,0.5488000000000001
740,4.11,0.08,0.49280000000000024
742,4.17,0.05,0.5264
744,4.48,0.06,0.7000000000000003
746,4.67,0.11,0.8064
748,4.59,0.06,0.7616
750,4.6,0.07,0.7671999999999999
752,4.48,0.05,0.7000000000000003
754,4.55,0.06,0.7392
756,4.59,0.06,0.7616
758,4.26,0.06,0.5768
760,4.33,0.05,0.6160000000000001
762,4.11,0.06,0.49280000000000024
764,4.28,0.06,0.5880000000000002
766,4.11,0.06,0.49280000000000024
768,4.07,0.05,0.4704000000000002
770,3.99,0.05,0.42560000000000014
772,3.87,0.05,0.3584000000000001
774,3.76,0.05,0.2967999999999999
776,3.64,0.05,0.2296000000000001
778,3.56,0.04,0.18480000000000005
780,3.48,0.05,0.14
782,3.54,0.05,0.17360000000000006
784,3.55,0.07,0.17919999999999991
786,3.68,0.05,0.2520000000000001
788,3.7,0.1,0.26320000000000016
790,4.16,0.06,0.5208000000000002
792,4.27,0.06,0.5823999999999998
794,4.74,0.09,0.8456000000000002
796,4.67,0.07,0.8064
798,4.68,0.08,0.8119999999999999
800,4.68,0.07,0.8119999999999999
802,4.73,0.06,0.8400000000000003
804,4.55,0.07,0.7392
806,4.53,0.04,0.7280000000000002
808,4.49,0.06,0.7056000000000002
810,4.31,0.05,0.6047999999999999
812,4.38,0.06,0.644
814,4.12,0.05,0.4984000000000001
816,4.08,0.08,0.4760000000000001
818,3.9,0.07,0.3752
820,3.96,0.06,0.40880000000000005
822,3.9,0.05,0.3752
824,3.92,0.08,0.3864
826,4.11,0.06,0.49280000000000024
828,3.95,0.06,0.40320000000000017
830,4.04,0.05,0.45360000000000006
832,4.07,0.05,0.4704000000000002
834,3.95,0.06,0.40320000000000017
836,3.82,0.04,0.33039999999999997
838,3.99,0.06,0.42560000000000014
840,4.02,0.07,0.4423999999999998
842,3.81,0.05,0.3248000000000001
844,3.67,0.05,0.24639999999999998
846,3.58,0.04,0.19600000000000006
848,3.63,0.07,0.22399999999999998
850,3.5,0.04,0.15120000000000003
852,3.65,0.05,0.2352
854,3.63,0.05,0.22399999999999998
856,3.46,0.05,0.1288
858,3.42,0.05,0.10639999999999998
860,3.45,0.07,0.12320000000000011
862,3.68,0.09,0.2520000000000001
864,3.58,0.06,0.19600000000000006
866,4.06,0.07,0.4647999999999998
868,4.32,0.06,0.6104000000000003
870,4.51,0.07,0.7168
872,4.67,0.06,0.8064
874,4.68,0.07,0.8119999999999999
876,4.69,0.08,0.8176000000000003
878,4.59,0.08,0.7616
880,4.68,0.04,0.8119999999999999
882,4.42,0.07,0.6664
884,4.47,0.05,0.6943999999999999
886,4.47,0.07,0.6943999999999999
888,4.45,0.04,0.6832000000000001
890,4.39,0.06,0.6495999999999998
892,4.32,0.07,0.6104000000000003
894,4.41,0.07,0.6608000000000002
896,4.4,0.05,0.6552000000000002
898,4.33,0.04,0.6160000000000001
900,4.29,0.05,0.5936000000000001
902,4.17,0.04,0.5264
904,4.14,0.06,0.5095999999999998
906,4.12,0.04,0.4984000000000001
908,3.99,0.06,0.42560000000000014
910,3.99,0.05,0.42560000000000014
912,4.09,0.04,0.4816
914,4.03,0.05,0.4480000000000002
916,4.06,0.06,0.4647999999999998
918,4.37,0.06,0.6384000000000001
920,4.51,0.06,0.7168
922,4.55,0.06,0.7392
924,4.43,0.06,0.6719999999999999
926,4.38,0.04,0.644
928,4.26,0.05,0.5768
930,4.1,0.05,0.48719999999999986
932,4.07,0.05,0.4704000000000002
934,3.98,0.06,0.42000000000000004
936,4.02,0.05,0.4423999999999998
938,3.86,0.04,0.35279999999999995
940,3.89,0.04,0.3696000000000001
942,3.69,0.04,0.2576
944,3.57,0.04,0.19039999999999993
946,3.63,0.06,0.22399999999999998
948,3.48,0.05,0.14
950,3.44,0.04,0.1176
952,3.3,0.04,0.039199999999999915
954,3.39,0.07,0.08960000000000008
956,3.33,0.05,0.05600000000000006
958,3.73,0.08,0.28
960,4.16,0.08,0.5208000000000002
962,4.42,0.06,0.6664
964,4.58,0.08,0.7560000000000001
966,4.3,0.05,0.5992
968,4.21,0.06,0.5488000000000001
970,4.09,0.05,0.4816
972,3.98,0.06,0.42000000000000004
974,3.87,0.05,0.3584000000000001
976,3.77,0.06,0.30240000000000006
978,3.72,0.05,0.27440000000000014
980,3.76,0.06,0.2967999999999999
982,3.99,0.07,0.42560000000000014
984,4.15,0.06,0.5152000000000002
986,4.24,0.07,0.5656000000000002
988,4.21,0.07,0.5488000000000001
990,4.11,0.05,0.49280000000000024
992,4.06,0.06,0.4647999999999998
994,3.94,0.05,0.3976
996,3.84,0.06,0.34159999999999996
998,3.84,0.04,0.34159999999999996
1000,3.94,0.06,0.3976
1002,4.15,0.07,0.5152000000000002
1004,4.28,0.08,0.5880000000000002
1006,4.22,0.07,0.5543999999999999
1008,4.22,0.05,0.5543999999999999
1010,4.12,0.06,0.4984000000000001
1012,4.13,0.07,0.504
1014,3.99,0.06,0.42560000000000014
1016,3.73,0.05,0.28
1018,3.78,0.04,0.30799999999999994
1020,3.83,0.05,0.3360000000000001
1022,3.57,0.08,0.19039999999999993
1024,3.64,0.05,0.2296000000000001
1026,3.87,0.06,0.3584000000000001
1028,3.84,0.06,0.34159999999999996
1030,3.95,0.08,0.40320000000000017
1032,4.08,0.04,0.4760000000000001
1034,4.36,0.05,0.6328000000000003
1036,4.33,0.07,0.6160000000000001
1038,4.54,0.09,0.7336000000000001
1040,4.33,0.08,0.6160000000000001
1042,4.23,0.09,0.5600000000000003
1044,4.38,0.06,0.644
1046,4.22,0.06,0.5543999999999999
1048,4.29,0.07,0.5936000000000001
1050,4.18,0.05,0.5319999999999999
1052,4.27,0.06,0.5823999999999998
1054,4.25,0.06,0.5712
1056,4.12,0.06,0.4984000000000001
1058,4.23,0.06,0.5600000000000003
1060,4.08,0.04,0.4760000000000001
1062,3.94,0.06,0.3976
1064,3.66,0.07,0.24080000000000013
1066,3.48,0.05,0.14
1068,3.33,0.05,0.05600000000000006
1070,3.34,0.05,0.06159999999999994
1072,3.21,0.08,-0.01120000000000001
1074,3.42,0.06,0.10639999999999998
1076,3.48,0.06,0.14
1078,3.54,0.04,0.17360000000000006
1080,3.61,0.04,0.21279999999999996
1082,3.81,0.06,0.3248000000000001
1084,3.7,0.07,0.26320000000000016
1086,3.89,0.04,0.3696000000000001
1088,3.91,0.05,0.38080000000000014
1090,3.95,0.05,0.40320000000000017
1092,4.01,0.04,0.4367999999999999
1094,4.0,0.06,0.4312
1096,4.03,0.04,0.4480000000000002
1098,4.29,0.05,0.5936000000000001
1100,4.08,0.07,0.4760000000000001
1102,4.03,0.06,0.4480000000000002
1104,3.93,0.06,0.3920000000000001
1106,3.83,0.05,0.3360000000000001
1108,3.67,0.06,0.24639999999999998
1110,3.85,0.06,0.3472000000000001
1112,3.84,0.05,0.34159999999999996
1114,4.12,0.05,0.4984000000000001
1116,4.14,0.05,0.5095999999999998
1118,4.2,0.05,0.5432000000000001
1120,4.09,0.08,0.4816
1122,4.47,0.06,0.6943999999999999
1124,4.34,0.09,0.6216
1126,4.5,0.03,0.7112
1128,4.38,0.06,0.644
1130,4.32,0.08,0.6104000000000003
1132,4.05,0.07,0.45919999999999994
1134,4.22,0.06,0.5543999999999999
1136,4.24,0.05,0.5656000000000002
1138,4.02,0.04,0.4423999999999998
1140,4.02,0.06,0.4423999999999998
1142,3.97,0.06,0.41440000000000016
1144,3.99,0.05,0.42560000000000014
1146,3.86,0.04,0.35279999999999995
1148,4.02,0.06,0.4423999999999998
1150,3.82,0.05,0.33039999999999997
1152,3.75,0.05,0.2912
1154,3.76,0.04,0.2967999999999999
1156,3.79,0.04,0.31360000000000005
1158,3.68,0.05,0.2520000000000001
1160,3.6,0.06,0.20720000000000008
1162,3.6,0.05,0.20720000000000008
1164,3.66,0.06,0.24080000000000013
1166,3.53,0.05,0.16799999999999993
1168,3.56,0.05,0.18480000000000005
1170,3.6,0.07,0.20720000000000008
1172,3.73,0.05,0.28
1174,3.76,0.06,0.2967999999999999
1176,3.74,0.06,0.28560000000000013
1178,3.8,0.04,0.31919999999999993
1180,3.6,0.06,0.20720000000000008
1182,3.84,0.04,0.34159999999999996
1184,3.65,0.05,0.2352
1186,3.77,0.05,0.30240000000000006
1188,3.67,0.08,0.24639999999999998
1190,4.05,0.03,0.45919999999999994
1192,4.14,0.08,0.5095999999999998
1194,4.27,0.06,0.5823999999999998
1196,4.28,0.07,0.5880000000000002
1198,4.43,0.06,0.6719999999999999
1200,4.42,0.06,0.6664
1202,4.2,0.09,0.5432000000000001
1204,4.34,0.06,0.6216
1206,4.16,0.07,0.5208000000000002
1208,4.32,0.06,0.6104000000000003
1210,4.2,0.07,0.5432000000000001
1212,4.08,0.07,0.4760000000000001
1214,4.1,0.06,0.48719999999999986
1216,3.82,0.09,0.33039999999999997
1218,3.73,0.11,0.28
1220,3.97,0.07,0.41440000000000016
1222,3.94,0.07,0.3976
1224,3.74,0.06,0.28560000000000013
1226,3.63,0.09,0.22399999999999998
1228,3.55,0.08,0.17919999999999991
1230,3.42,0.06,0.10639999999999998
1232,3.41,0.05,0.1008000000000001
1234,3.34,0.1,0.06159999999999994
1236,3.38,0.07,0.08399999999999996
1238,3.35,0.07,0.06720000000000007
1240,3.33,0.05,0.05600000000000006
1242,3.47,0.1,0.13440000000000013
1244,3.85,0.07,0.3472000000000001
1246,4.1,0.07,0.48719999999999986
1248,4.36,0.03,0.6328000000000003
1250,4.31,0.06,0.6047999999999999
1252,4.25,0.05,0.5712
1254,4.27,0.05,0.5823999999999998
1256,4.11,0.05,0.49280000000000024
1258,3.9,0.08,0.3752
1260,3.87,0.05,0.3584000000000001
1262,4.07,0.07,0.4704000000000002
1264,3.96,0.07,0.40880000000000005
1266,3.91,0.07,0.38080000000000014
1268,3.91,0.08,0.38080000000000014
1270,3.84,0.07,0.34159999999999996
1272,3.81,0.07,0.3248000000000001
1274,3.84,0.05,0.34159999999999996
1276,3.71,0.07,0.26880000000000004
1278,3.67,0.04,0.24639999999999998
1280,3.56,0.05,0.18480000000000005
1282,3.65,0.05,0.2352
1284,3.84,0.04,0.34159999999999996
1286,3.97,0.04,0.41440000000000016
1288,4.26,0.05,0.5768
1290,4.35,0.05,0.6271999999999999
1292,4.14,0.07,0.5095999999999998
1294,3.94,0.08,0.3976
1296,4.2,0.03,0.5432000000000001
1298,4.15,0.05,0.5152000000000002
1300,4.07,0.03,0.4704000000000002
1302,4.06,0.06,0.4647999999999998
1304,3.97,0.04,0.41440000000000016
1306,3.9,0.08,0.3752
1308,3.8,0.04,0.31919999999999993
1310,3.65,0.06,0.2352
1312,3.69,0.03,0.2576
1314,3.71,0.05,0.26880000000000004
1316,3.59,0.05,0.20159999999999995
1318,3.73,0.06,0.28
1320,3.95,0.03,0.40320000000000017
1322,3.94,0.05,0.3976
1324,3.99,0.06,0.42560000000000014
1326,4.0,0.06,0.4312
1328,4.09,0.07,0.4816
1330,4.06,0.07,0.4647999999999998
1332,4.02,0.07,0.4423999999999998
1334,4.19,0.07,0.5376000000000003
1336,4.19,0.05,0.5376000000000003
1338,4.1,0.08,0.48719999999999986
1340,4.19,0.05,0.5376000000000003
1342,4.07,0.07,0.4704000000000002
1344,3.88,0.08,0.364
1346,3.86,0.07,0.35279999999999995
1348,3.67,0.08,0.24639999999999998
1350,3.59,0.06,0.20159999999999995
1352,3.49,0.06,0.14560000000000015
1354,3.41,0.06,0.1008000000000001
1356,3.5,0.05,0.15120000000000003
1358,3.55,0.05,0.17919999999999991
1360,3.63,0.07,0.22399999999999998
1362,3.8,0.06,0.31919999999999993
1364,3.98,0.08,0.42000000000000004
1366,3.99,0.07,0.42560000000000014
1368,4.2,0.04,0.5432000000000001
1370,4.04,0.06,0.45360000000000006
1372,4.26,0.04,0.5768
1374,4.21,0.05,0.5488000000000001
1376,4.08,0.06,0.4760000000000001
1378,4.2,0.08,0.5432000000000001
1380,4.05,0.06,0.45919999999999994
1382,3.96,0.06,0.40880000000000005
1384,3.82,0.05,0.33039999999999997
1386,3.72,0.08,0.27440000000000014
1388,3.61,0.07,0.21279999999999996
1390,3.73,0.06,0.28
1392,3.59,0.04,0.20159999999999995
1394,3.7,0.11,0.26320000000000016
1396,3.54,0.04,0.17360000000000006
1398,3.49,0.05,0.14560000000000015
1400,3.56,0.08,0.18480000000000005
1402,3.63,0.05,0.22399999999999998
1404,3.74,0.08,0.28560000000000013
1406,3.97,0.06,0.41440000000000016
1408,3.97,0.12,0.41440000000000016
1410,4.2,0.07,0.5432000000000001
1412,4.4,0.08,0.6552000000000002
1414,4.22,0.08,0.5543999999999999
1416,3.96,0.12,0.40880000000000005
1418,3.84,0.07,0.34159999999999996
1420,3.96,0.06,0.40880000000000005
1422,3.83,0.09,0.3360000000000001
1424,3.72,0.07,0.27440000000000014
1426,3.72,0.06,0.27440000000000014
1428,3.61,0.06,0.21279999999999996
1430,3.52,0.05,0.16240000000000004
1432,3.38,0.05,0.08399999999999996
1434,3.38,0.06,0.08399999999999996
1436,3.24,0.09,0.00560000000000013
1438,3.24,0.07,0.00560000000000013
1440,3.28,0.07,0.027999999999999903
1442,3.34,0.04,0.06159999999999994
1444,3.33,0.05,0.05600000000000006
1446,3.36,0.05,0.07279999999999995
1448,3.35,0.06,0.06720000000000007
1450,3.49,0.06,0.14560000000000015
1452,3.8,0.13,0.31919999999999993
1454,4.2,0.13,0.5432000000000001
1456,4.31,0.07,0.6047999999999999
1458,4.24,0.06,0.5656000000000002
1460,4.1,0.08,0.48719999999999986
1462,4.07,0.06,0.4704000000000002
1464,4.22,0.09,0.5543999999999999
1466,3.99,0.09,0.42560000000000014
1468,3.87,0.13,0.3584000000000001
1470,3.62,0.07,0.2184000000000001
1472,3.45,0.07,0.12320000000000011
1474,3.38,0.08,0.08399999999999996
1476,3.31,0.08,0.04480000000000004
1478,3.42,0.07,0.10639999999999998
1480,3.39,0.08,0.08960000000000008
1482,3.44,0.07,0.1176
1484,3.57,0.1,0.19039999999999993
1486,3.42,0.05,0.10639999999999998
1488,3.42,0.05,0.10639999999999998
1490,3.51,0.05,0.1567999999999999
1492,3.77,0.1,0.30240000000000006
1494,4.05,0.09,0.45919999999999994
1496,4.36,0.05,0.6328000000000003
1498,4.24,0.07,0.5656000000000002
1500,4.21,0.0,0.5488000000000001
1502,4.29,0.06,0.5936000000000001
1505,4.16,0.1,0.5208000000000002
1507,4.15,0.06,0.5152000000000002
1510,4.02,0.06,0.4423999999999998
1512,3.74,0.08,0.28560000000000013
1515,3.69,0.08,0.2576
1517,3.79,0.11,0.31360000000000005
1520,3.64,0.07,0.2296000000000001
1522,3.67,0.05,0.24639999999999998
1525,3.7,0.07,0.26320000000000016
1527,3.89,0.08,0.3696000000000001
1530,3.96,0.07,0.40880000000000005
1532,4.2,0.11,0.5432000000000001
1535,4.41,0.09,0.6608000000000002
1537,4.35,0.07,0.6271999999999999
1540,4.38,0.07,0.644
1542,4.3,0.06,0.5992
1545,4.07,0.06,0.4704000000000002
1547,3.97,0.05,0.41440000000000016
1550,3.82,0.08,0.33039999999999997
1552,3.68,0.07,0.2520000000000001
1555,3.72,0.08,0.27440000000000014
1557,3.79,0.06,0.31360000000000005
1560,3.76,0.05,0.2967999999999999
1562,3.58,0.06,0.19600000000000006
1565,3.56,0.05,0.18480000000000005
1567,3.73,0.05,0.28
1570,3.85,0.07,0.3472000000000001
1572,4.17,0.05,0.5264
1575,4.24,0.06,0.5656000000000002
1577,4.18,0.07,0.5319999999999999
1580,3.99,0.07,0.42560000000000014
1582,3.99,0.07,0.42560000000000014
1585,3.8,0.1,0.31919999999999993
1587,3.66,0.07,0.24080000000000013
1590,3.72,0.04,0.27440000000000014
1592,3.86,0.07,0.35279999999999995
1595,3.71,0.05,0.26880000000000004
1597,3.61,0.04,0.21279999999999996
1600,3.53,0.06,0.16799999999999993
1602,3.37,0.04,0.07840000000000008
1605,3.55,0.05,0.17919999999999991
1607,3.66,0.08,0.24080000000000013
1610,3.66,0.07,0.24080000000000013
1612,3.88,0.05,0.364
1615,3.84,0.06,0.34159999999999996
1617,3.9,0.05,0.3752
1620,3.65,0.05,0.2352
1622,3.68,0.05,0.2520000000000001
1625,3.76,0.04,0.2967999999999999
1627,4.01,0.07,0.4367999999999999
1630,3.55,0.06,0.17919999999999991
1632,3.57,0.07,0.19039999999999993
1635,3.56,0.07,0.18480000000000005
1637,3.6,0.08,0.20720000000000008
1640,3.68,0.08,0.2520000000000001
1642,3.88,0.06,0.364
1645,4.05,0.07,0.45919999999999994
1647,4.17,0.08,0.5264
1650,4.18,0.06,0.5319999999999999
1652,4.25,0.06,0.5712
1655,4.28,0.06,0.5880000000000002
1657,4.11,0.06,0.49280000000000024
1660,4.13,0.06,0.504
1662,4.08,0.07,0.4760000000000001
1665,4.13,0.06,0.504
1667,3.91,0.06,0.38080000000000014
1670,3.88,0.08,0.364
1672,3.86,0.06,0.35279999999999995
1675,3.55,0.08,0.17919999999999991
1677,3.72,0.05,0.27440000000000014
1680,3.65,0.06,0.2352
1682,3.57,0.07,0.19039999999999993
1685,3.59,0.05,0.20159999999999995
1687,3.74,0.05,0.28560000000000013
1690,3.72,0.06,0.27440000000000014
1692,3.75,0.06,0.2912
1695,3.82,0.05,0.33039999999999997
1697,3.77,0.09,0.30240000000000006
1700,4.09,0.06,0.4816
1702,4.15,0.06,0.5152000000000002
1705,4.12,0.07,0.4984000000000001
1707,4.17,0.06,0.5264
1710,3.93,0.06,0.3920000000000001
1712,3.86,0.07,0.35279999999999995
1715,3.83,0.06,0.3360000000000001
1717,3.57,0.06,0.19039999999999993
1720,3.52,0.06,0.16240000000000004
1722,3.72,0.07,0.27440000000000014
1725,3.79,0.07,0.31360000000000005
1727,3.8,0.07,0.31919999999999993
1730,3.74,0.1,0.28560000000000013
1732,3.86,0.08,0.35279999999999995
1735,3.6,0.07,0.20720000000000008
1737,3.6,0.06,0.20720000000000008
1740,3.71,0.08,0.26880000000000004
1742,3.69,0.1,0.2576
1745,4.13,0.07,0.504
1747,4.21,0.08,0.5488000000000001
1750,4.16,0.05,0.5208000000000002
1752,3.85,0.07,0.3472000000000001
1755,3.74,0.04,0.28560000000000013
1757,3.83,0.08,0.3360000000000001
1760,3.53,0.09,0.16799999999999993
1762,3.63,0.08,0.22399999999999998
1765,3.49,0.08,0.14560000000000015
1767,3.52,0.08,0.16240000000000004
1770,3.48,0.06,0.14
1772,3.38,0.08,0.08399999999999996
1775,3.53,0.06,0.16799999999999993
1777,3.57,0.05,0.19039999999999993
1780,3.65,0.06,0.2352
1782,3.8,0.09,0.31919999999999993
1785,3.77,0.07,0.30240000000000006
1787,3.85,0.07,0.3472000000000001
1790,3.99,0.08,0.42560000000000014
1792,4.06,0.06,0.4647999999999998
1795,4.09,0.05,0.4816
1797,3.89,0.1,0.3696000000000001
1800,3.95,0.04,0.40320000000000017
1802,3.8,0.05,0.31919999999999993
1805,3.68,0.04,0.2520000000000001
1807,3.66,0.07,0.24080000000000013
1810,3.52,0.06,0.16240000000000004
1812,3.68,0.06,0.2520000000000001
1815,3.61,0.06,0.21279999999999996
1817,3.98,0.06,0.42000000000000004
1820,3.82,0.08,0.33039999999999997
1822,3.73,0.08,0.28
1825,3.72,0.07,0.27440000000000014
1827,3.65,0.04,0.2352
1830,3.42,0.08,0.10639999999999998
1832,3.63,0.07,0.22399999999999998
1835,3.68,0.07,0.2520000000000001
1837,3.57,0.06,0.19039999999999993
1840,3.57,0.06,0.19039999999999993
1842,3.57,0.1,0.19039999999999993
1845,3.61,0.1,0.21279999999999996
1847,3.8,0.08,0.31919999999999993
1850,3.62,0.11,0.2184000000000001
1852,3.61,0.06,0.21279999999999996
1855,3.56,0.07,0.18480000000000005
1857,3.64,0.07,0.2296000000000001
1860,3.89,0.05,0.3696000000000001
1862,4.19,0.06,0.5376000000000003
1865,4.16,0.07,0.5208000000000002
1867,3.97,0.06,0.41440000000000016
1870,3.95,0.11,0.40320000000000017
1872,3.83,0.09,0.3360000000000001
1875,3.84,0.07,0.34159999999999996
1877,3.73,0.11,0.28
1880,3.77,0.09,0.30240000000000006
1882,3.69,0.06,0.2576
1885,3.75,0.05,0.2912
1887,3.59,0.06,0.20159999999999995
1890,3.68,0.06,0.2520000000000001
1892,3.61,0.05,0.21279999999999996
1895,3.74,0.07,0.28560000000000013
1897,3.69,0.08,0.2576
1900,4.02,0.05,0.4423999999999998
1902,3.93,0.12,0.3920000000000001
1905,4.01,0.06,0.4367999999999999
1907,3.83,0.09,0.3360000000000001
1910,3.81,0.11,0.3248000000000001
1912,3.81,0.07,0.3248000000000001
1915,3.7,0.06,0.26320000000000016
1917,3.64,0.07,0.2296000000000001
1920,3.7,0.06,0.26320000000000016
1922,3.65,0.08,0.2352
1925,3.5,0.07,0.15120000000000003
1927,3.48,0.09,0.14
1930,3.51,0.08,0.1567999999999999
1932,3.45,0.09,0.12320000000000011
1935,3.52,0.05,0.16240000000000004
1937,3.58,0.09,0.19600000000000006
1940,3.51,0.08,0.1567999999999999
1942,4.02,0.05,0.4423999999999998
1945,4.03,0.1,0.4480000000000002
1947,4.17,0.07,0.5264
1950,4.1,0.07,0.48719999999999986
1952,4.02,0.06,0.4423999999999998
1955,3.89,0.07,0.3696000000000001
1957,3.77,0.11,0.30240000000000006
1960,3.86,0.09,0.35279999999999995
1962,3.9,0.05,0.3752
1965,3.74,0.07,0.28560000000000013
1967,3.61,0.1,0.21279999999999996
1970,3.75,0.07,0.2912
1972,3.5,0.07,0.15120000000000003
1975,3.55,0.06,0.17919999999999991
1977,3.45,0.04,0.12320000000000011
1980,3.33,0.04,0.05600000000000006
1982,3.38,0.07,0.08399999999999996
1985,3.36,0.07,0.07279999999999995
1987,3.52,0.07,0.16240000000000004
1990,3.65,0.08,0.2352
1992,3.68,0.1,0.2520000000000001
1995,3.58,0.09,0.19600000000000006
1997,3.69,0.08,0.2576
2000,3.85,0.06,0.3472000000000001
2002,3.81,0.09,0.3248000000000001
2005,3.92,0.07,0.3864
2007,3.89,0.07,0.3696000000000001
2010,3.55,0.06,0.17919999999999991
2012,3.63,0.09,0.22399999999999998
2015,3.81,0.08,0.3248000000000001
2017,3.54,0.07,0.17360000000000006
2020,3.57,0.07,0.19039999999999993
2022,3.46,0.08,0.1288
2025,3.24,0.07,0.00560000000000013
2027,3.44,0.07,0.1176
2030,3.34,0.08,0.06159999999999994
2032,3.36,0.06,0.07279999999999995
2035,3.56,0.05,0.18480000000000005
2037,3.63,0.07,0.22399999999999998
2040,3.67,0.06,0.24639999999999998
2042,3.62,0.07,0.2184000000000001
2045,3.92,0.07,0.3864
2047,3.78,0.07,0.30799999999999994
2050,3.71,0.08,0.26880000000000004
2052,3.62,0.09,0.2184000000000001
2055,3.6,0.06,0.20720000000000008
2057,3.72,0.08,0.27440000000000014
2060,3.74,0.08,0.28560000000000013
2062,3.88,0.05,0.364
2065,4.18,0.07,0.5319999999999999
2067,4.18,0.06,0.5319999999999999
2070,4.21,0.07,0.5488000000000001
2072,4.28,0.05,0.5880000000000002
2075,4.16,0.06,0.5208000000000002
2077,4.15,0.05,0.5152000000000002
2080,3.96,0.06,0.40880000000000005
2082,3.99,0.09,0.42560000000000014
2085,3.85,0.07,0.3472000000000001
2087,3.88,0.08,0.364
2090,3.7,0.07,0.26320000000000016
2092,3.63,0.06,0.22399999999999998
2095,3.49,0.07,0.14560000000000015
2097,3.46,0.07,0.1288
2100,3.44,0.1,0.1176
2102,3.55,0.07,0.17919999999999991
2105,3.66,0.07,0.24080000000000013
2107,3.63,0.08,0.22399999999999998
2110,3.51,0.06,0.1567999999999999
2112,3.5,0.06,0.15120000000000003
2115,3.5,0.1,0.15120000000000003
2117,3.72,0.08,0.27440000000000014
2120,3.68,0.1,0.2520000000000001
2122,3.68,0.08,0.2520000000000001
2125,3.5,0.1,0.15120000000000003
2127,3.47,0.09,0.13440000000000013
2130,3.32,0.09,0.050399999999999924
2132,3.29,0.07,0.03360000000000003
2135,3.29,0.12,0.03360000000000003
2137,3.34,0.1,0.06159999999999994
2140,3.23,0.07,0.0
2142,3.44,0.07,0.1176
2145,3.6,0.07,0.20720000000000008
2147,4.0,0.06,0.4312
2150,4.15,0.06,0.5152000000000002
2152,4.22,0.07,0.5543999999999999
2155,4.23,0.06,0.5600000000000003
2157,4.1,0.05,0.48719999999999986
2160,4.15,0.06,0.5152000000000002
2162,3.94,0.07,0.3976
2165,3.88,0.04,0.364
2167,3.77,0.06,0.30240000000000006
2170,3.69,0.03,0.2576
2172,3.67,0.07,0.24639999999999998
2175,3.56,0.06,0.18480000000000005
2177,3.5,0.05,0.15120000000000003
2180,3.36,0.08,0.07279999999999995
2182,3.41,0.08,0.1008000000000001
2185,3.42,0.04,0.10639999999999998
2187,3.38,0.09,0.08399999999999996
2190,3.56,0.05,0.18480000000000005
2192,3.68,0.05,0.2520000000000001
2195,3.77,0.07,0.30240000000000006
2197,3.83,0.05,0.3360000000000001
2200,3.86,0.07,0.35279999999999995
2202,3.83,0.06,0.3360000000000001
2205,3.74,0.05,0.28560000000000013
2207,3.6,0.06,0.20720000000000008
2210,3.59,0.05,0.20159999999999995
2212,3.46,0.06,0.1288
2215,3.59,0.06,0.20159999999999995
2217,3.61,0.06,0.21279999999999996
2220,3.57,0.05,0.19039999999999993
2222,3.49,0.04,0.14560000000000015
2225,3.39,0.04,0.08960000000000008
2227,3.42,0.04,0.10639999999999998
2230,3.46,0.06,0.1288
2232,3.49,0.06,0.14560000000000015
2235,3.56,0.07,0.18480000000000005
2237,3.8,0.05,0.31919999999999993
2240,4.01,0.07,0.4367999999999999
2242,3.87,0.06,0.3584000000000001
2245,3.8,0.06,0.31919999999999993
2247,3.72,0.05,0.27440000000000014
2250,3.61,0.06,0.21279999999999996
2252,3.45,0.09,0.12320000000000011
2255,3.39,0.06,0.08960000000000008
2257,3.32,0.07,0.050399999999999924
2260,3.21,0.08,-0.01120000000000001
2262,3.3,0.06,0.039199999999999915
2265,3.45,0.1,0.12320000000000011
2267,3.37,0.12,0.07840000000000008
2270,3.48,0.06,0.14
2272,3.5,0.05,0.15120000000000003
2275,3.87,0.07,0.3584000000000001
2277,3.8,0.05,0.31919999999999993
2280,3.84,0.04,0.34159999999999996
2282,3.91,0.09,0.38080000000000014
2285,3.8,0.05,0.31919999999999993
2287,3.69,0.08,0.2576
2290,3.68,0.05,0.2520000000000001
2292,3.46,0.08,0.1288
2295,3.45,0.06,0.12320000000000011
2297,3.27,0.07,0.02240000000000002
2300,3.28,0.11,0.027999999999999903
2302,3.36,0.07,0.07279999999999995
2305,3.35,0.06,0.06720000000000007
2307,3.43,0.08,0.11200000000000011
2310,3.61,0.04,0.21279999999999996
2312,3.7,0.06,0.26320000000000016
2315,3.74,0.08,0.28560000000000013
2317,3.75,0.07,0.2912
2320,3.76,0.04,0.2967999999999999
2322,3.6,0.08,0.20720000000000008
2325,3.52,0.04,0.16240000000000004
2327,3.64,0.06,0.2296000000000001
2330,3.64,0.07,0.2296000000000001
2332,3.52,0.08,0.16240000000000004
2335,3.39,0.07,0.08960000000000008
2337,3.29,0.06,0.03360000000000003
2340,3.2,0.09,-0.01679999999999989
2342,3.33,0.07,0.05600000000000006
2345,3.37,0.06,0.07840000000000008
2347,3.25,0.07,0.01120000000000001
2350,3.58,0.06,0.19600000000000006
2352,3.72,0.05,0.27440000000000014
2355,3.8,0.05,0.31919999999999993
2357,3.96,0.06,0.40880000000000005
2360,3.92,0.03,0.3864
2362,3.76,0.05,0.2967999999999999
2365,3.87,0.04,0.3584000000000001
2367,3.63,0.07,0.22399999999999998
2370,3.72,0.05,0.27440000000000014
2372,3.63,0.07,0.22399999999999998
2375,3.39,0.07,0.08960000000000008
2377,3.38,0.06,0.08399999999999996
2380,3.37,0.05,0.07840000000000008
2382,3.24,0.1,0.00560000000000013
2385,3.33,0.07,0.05600000000000006
2387,3.48,0.06,0.14
2390,3.54,0.08,0.17360000000000006
2392,3.6,0.08,0.20720000000000008
2395,3.41,0.09,0.1008000000000001
2397,3.46,0.07,0.1288
2400,3.48,0.09,0.14
2402,3.67,0.07,0.24639999999999998
2405,3.69,0.07,0.2576
2407,3.41,0.07,0.1008000000000001
2410,3.29,0.08,0.03360000000000003
2412,3.37,0.06,0.07840000000000008
2415,3.37,0.06,0.07840000000000008
2417,3.33,0.06,0.05600000000000006
2420,3.35,0.07,0.06720000000000007
2422,3.53,0.06,0.16799999999999993
2425,3.49,0.08,0.14560000000000015
2427,3.66,0.05,0.24080000000000013
2430,3.93,0.06,0.3920000000000001
2432,4.17,0.06,0.5264
2435,4.09,0.06,0.4816
2437,4.14,0.05,0.5095999999999998
2440,4.01,0.04,0.4367999999999999
2442,4.0,0.07,0.4312
2445,3.95,0.07,0.40320000000000017
2447,3.91,0.06,0.38080000000000014
2450,3.73,0.06,0.28
2452,3.69,0.05,0.2576
2455,3.45,0.05,0.12320000000000011
2457,3.39,0.05,0.08960000000000008
2460,3.39,0.06,0.08960000000000008
2462,3.21,0.07,-0.01120000000000001
2465,3.25,0.06,0.01120000000000001
2467,3.31,0.06,0.04480000000000004
2470,3.32,0.06,0.050399999999999924
2472,3.43,0.07,0.11200000000000011
2475,3.57,0.08,0.19039999999999993
2477,3.7,0.07,0.26320000000000016
2480,3.7,0.05,0.26320000000000016
2482,3.96,0.05,0.40880000000000005
2485,3.99,0.1,0.42560000000000014
2487,4.16,0.06,0.5208000000000002
2490,3.83,0.08,0.3360000000000001
2492,3.65,0.09,0.2352
2495,3.62,0.05,0.2184000000000001
2497,3.43,0.06,0.11200000000000011
2500,3.18,0.08,-0.027999999999999903
2502,3.35,0.05,0.06720000000000007
2505,3.48,0.05,0.14
2507,3.42,0.06,0.10639999999999998
2510,3.65,0.05,0.2352
2512,3.76,0.09,0.2967999999999999
2515,3.89,0.07,0.3696000000000001
2517,4.12,0.07,0.4984000000000001
2520,4.13,0.07,0.504
2522,4.06,0.06,0.4647999999999998
2525,4.13,0.03,0.504
2527,4.03,0.04,0.4480000000000002
2530,3.89,0.06,0.3696000000000001
2532,3.93,0.04,0.3920000000000001
2535,3.73,0.09,0.28
2537,3.74,0.05,0.28560000000000013
2540,3.63,0.07,0.22399999999999998
2542,3.35,0.08,0.06720000000000007
2545,3.27,0.06,0.02240000000000002
2547,3.18,0.07,-0.027999999999999903
2550,3.21,0.06,-0.01120000000000001
2552,3.28,0.08,0.027999999999999903
2555,3.43,0.06,0.11200000000000011
2557,3.39,0.07,0.08960000000000008
2560,3.37,0.06,0.07840000000000008
2562,3.38,0.07,0.08399999999999996
2565,3.63,0.05,0.22399999999999998
2567,3.53,0.06,0.16799999999999993
2570,3.47,0.05,0.13440000000000013
2572,3.47,0.06,0.13440000000000013
2575,3.41,0.07,0.1008000000000001
2577,3.32,0.06,0.050399999999999924
2580,3.23,0.05,0.0
2582,3.26,0.05,0.01679999999999989
2585,3.16,0.08,-0.039199999999999915
2587,3.27,0.07,0.02240000000000002
2590,3.43,0.06,0.11200000000000011
2592,3.45,0.07,0.12320000000000011
2595,3.47,0.05,0.13440000000000013
2597,3.74,0.05,0.28560000000000013
2600,3.9,0.05,0.3752
2602,3.86,0.06,0.35279999999999995
2605,3.81,0.06,0.3248000000000001
2607,3.85,0.05,0.3472000000000001
2610,3.62,0.07,0.2184000000000001
2612,3.64,0.05,0.2296000000000001
2615,3.44,0.08,0.1176
2617,3.45,0.07,0.12320000000000011
2620,3.27,0.05,0.02240000000000002
2622,3.24,0.05,0.00560000000000013
2625,3.31,0.08,0.04480000000000004
2627,3.26,0.08,0.01679999999999989
2630,3.23,0.06,0.0
2632,3.44,0.05,0.1176
2635,3.45,0.07,0.12320000000000011
2637,3.48,0.06,0.14
2640,3.66,0.04,0.24080000000000013
2642,3.72,0.05,0.27440000000000014
2645,3.84,0.06,0.34159999999999996
2647,3.69,0.05,0.2576
2650,3.51,0.09,0.1567999999999999
2652,3.41,0.06,0.1008000000000001
2655,3.35,0.07,0.06720000000000007
2657,3.14,0.09,-0.050399999999999924
2660,3.23,0.08,0.0
2662,3.05,0.08,-0.1008000000000001
2665,3.25,0.05,0.01120000000000001
2667,3.24,0.09,0.00560000000000013
2670,3.19,0.06,-0.02240000000000002
2672,3.2,0.07,-0.01679999999999989
2675,3.22,0.08,-0.005599999999999881
2677,3.36,0.07,0.07279999999999995
2680,3.37,0.07,0.07840000000000008
2682,3.54,0.08,0.17360000000000006
2685,3.68,0.06,0.2520000000000001
2687,3.75,0.03,0.2912
2690,3.61,0.06,0.21279999999999996
2692,3.53,0.06,0.16799999999999993
2695,3.61,0.08,0.21279999999999996
2697,3.57,0.07,0.19039999999999993
2700,3.61,0.05,0.21279999999999996
2702,3.48,0.07,0.14
2705,3.79,0.04,0.31360000000000005
2707,3.76,0.07,0.2967999999999999
2710,3.7,0.05,0.26320000000000016
2712,3.76,0.06,0.2967999999999999
2715,3.87,0.04,0.3584000000000001
2717,3.8,0.05,0.31919999999999993
2720,3.8,0.06,0.31919999999999993
2722,3.77,0.06,0.30240000000000006
2725,3.66,0.08,0.24080000000000013
2727,3.61,0.07,0.21279999999999996
2730,3.47,0.05,0.13440000000000013
2732,3.39,0.05,0.08960000000000008
2735,3.27,0.06,0.02240000000000002
2737,3.12,0.04,-0.06159999999999994
2740,3.18,0.05,-0.027999999999999903
2742,3.04,0.06,-0.10639999999999998
2745,3.15,0.05,-0.04480000000000004
2747,3.09,0.04,-0.07840000000000008
2750,3.13,0.05,-0.05600000000000006
2752,3.21,0.04,-0.01120000000000001
2755,3.19,0.05,-0.02240000000000002
2757,3.16,0.05,-0.039199999999999915
2760,3.27,0.05,0.02240000000000002
2762,3.24,0.04,0.00560000000000013
2765,3.24,0.05,0.00560000000000013
2767,3.15,0.05,-0.04480000000000004
2770,3.13,0.04,-0.05600000000000006
2772,3.28,0.05,0.027999999999999903
2775,3.31,0.04,0.04480000000000004
2777,3.23,0.05,0.0
2780,3.18,0.05,-0.027999999999999903
2782,3.16,0.05,-0.039199999999999915
2785,3.19,0.05,-0.02240000000000002
2787,3.24,0.06,0.00560000000000013
2790,3.21,0.06,-0.01120000000000001
2792,3.26,0.05,0.01679999999999989
2795,3.41,0.07,0.1008000000000001
2797,3.4,0.05,0.09519999999999997
2800,3.5,0.06,0.15120000000000003
2802,3.74,0.05,0.28560000000000013
2805,3.78,0.05,0.30799999999999994
2807,3.73,0.06,0.28
2810,3.65,0.07,0.2352
2812,3.66,0.05,0.24080000000000013
2815,3.63,0.05,0.22399999999999998
2817,3.45,0.05,0.12320000000000011
2820,3.38,0.06,0.08399999999999996
2822,3.26,0.05,0.01679999999999989
2825,3.15,0.08,-0.04480000000000004
2827,3.12,0.06,-0.06159999999999994
2830,3.16,0.06,-0.039199999999999915
2832,3.11,0.04,-0.06720000000000007
2835,3.17,0.08,-0.03360000000000003
2837,3.27,0.08,0.02240000000000002
2840,3.34,0.05,0.06159999999999994
2842,3.42,0.06,0.10639999999999998
2845,3.38,0.07,0.08399999999999996
2847,3.5,0.07,0.15120000000000003
2850,3.4,0.06,0.09519999999999997
2852,3.42,0.05,0.10639999999999998
2855,3.44,0.06,0.1176
2857,3.33,0.06,0.05600000000000006
2860,3.19,0.08,-0.02240000000000002
2862,3.25,0.06,0.01120000000000001
2865,3.37,0.05,0.07840000000000008
2867,3.31,0.06,0.04480000000000004
2870,3.3,0.09,0.039199999999999915
2872,3.23,0.06,0.0
2875,3.23,0.05,0.0
2877,3.47,0.06,0.13440000000000013
2880,3.48,0.06,0.14
2882,3.45,0.04,0.12320000000000011
2885,3.5,0.08,0.15120000000000003
2887,3.46,0.06,0.1288
2890,3.49,0.04,0.14560000000000015
2892,3.34,0.07,0.06159999999999994
2895,3.29,0.05,0.03360000000000003
2897,3.14,0.05,-0.050399999999999924
2900,3.22,0.06,-0.005599999999999881
2902,3.21,0.07,-0.01120000000000001
2905,3.32,0.05,0.050399999999999924
2907,3.28,0.08,0.027999999999999903
2910,3.27,0.04,0.02240000000000002
2912,3.3,0.05,0.039199999999999915
2915,3.49,0.08,0.14560000000000015
2917,3.41,0.05,0.1008000000000001
2920,3.51,0.05,0.1567999999999999
2922,3.5,0.06,0.15120000000000003
2925,3.5,0.04,0.15120000000000003
2927,3.33,0.09,0.05600000000000006
2930,3.43,0.1,0.11200000000000011
2932,3.51,0.07,0.1567999999999999
2935,3.31,0.06,0.04480000000000004
2937,3.18,0.06,-0.027999999999999903
2940,3.09,0.08,-0.07840000000000008
2942,2.95,0.07,-0.1567999999999999
2945,2.95,0.04,-0.1567999999999999
2947,3.06,0.06,-0.09519999999999997
2950,2.93,0.06,-0.16799999999999993
2952,2.92,0.07,-0.17360000000000006
2955,3.16,0.05,-0.039199999999999915
2957,3.23,0.06,0.0
2960,3.08,0.08,-0.08399999999999996
2962,3.18,0.06,-0.027999999999999903
2965,3.16,0.05,-0.039199999999999915
2967,3.35,0.06,0.06720000000000007
2970,3.3,0.06,0.039199999999999915
2972,3.33,0.04,0.05600000000000006
2975,3.48,0.06,0.14
2977,3.43,0.04,0.11200000000000011
2980,3.45,0.07,0.12320000000000011
2982,3.26,0.06,0.01679999999999989
2985,3.07,0.06,-0.08960000000000008
2987,3.15,0.06,-0.04480000000000004
2990,3.18,0.07,-0.027999999999999903
2992,3.21,0.04,-0.01120000000000001
2995,3.2,0.07,-0.01679999999999989
2997,3.22,0.06,-0.005599999999999881
3000,3.36,0.0,0.07279999999999995
3005,3.44,0.04,0.1176
3010,3.46,0.04,0.1288
3015,3.52,0.04,0.16240000000000004
3020,3.49,0.04,0.14560000000000015
3025,3.32,0.04,0.050399999999999924
3030,3.13,0.04,-0.05600000000000006
3035,3.09,0.06,-0.07840000000000008
3040,3.23,0.05,0.0
3045,3.31,0.04,0.04480000000000004
3050,3.33,0.06,0.05600000000000006
3055,3.14,0.04,-0.050399999999999924
3060,2.95,0.06,-0.1567999999999999
3065,3.05,0.06,-0.1008000000000001
3070,3.09,0.06,-0.07840000000000008
3075,3.1,0.04,-0.07279999999999995
3080,3.09,0.05,-0.07840000000000008
3085,2.94,0.06,-0.16240000000000004
3090,3.18,0.05,-0.027999999999999903
3095,3.18,0.05,-0.027999999999999903
3100,3.08,0.05,-0.08399999999999996
3105,3.06,0.06,-0.09519999999999997
3110,3.13,0.04,-0.05600000000000006
3115,3.22,0.04,-0.005599999999999881
3120,3.26,0.03,0.01679999999999989
3125,3.34,0.04,0.06159999999999994
3130,3.38,0.03,0.08399999999999996
3135,3.45,0.05,0.12320000000000011
3140,3.38,0.05,0.08399999999999996
3145,3.35,0.05,0.06720000000000007
3150,3.16,0.05,-0.039199999999999915
3155,2.95,0.04,-0.1567999999999999
3160,3.01,0.05,-0.12320000000000011
3165,3.04,0.05,-0.10639999999999998
3170,3.14,0.04,-0.050399999999999924
3175,3.19,0.04,-0.02240000000000002
3180,3.16,0.05,-0.039199999999999915
3185,3.08,0.05,-0.08399999999999996
3190,2.95,0.05,-0.1567999999999999
3195,3.09,0.04,-0.07840000000000008
3200,3.02,0.07,-0.1176
3205,3.0,0.05,-0.1288
3210,3.02,0.05,-0.1176
3215,3.2,0.04,-0.01679999999999989
3220,3.13,0.04,-0.05600000000000006
3225,3.21,0.04,-0.01120000000000001
3230,3.13,0.03,-0.05600000000000006
3235,3.24,0.05,0.00560000000000013
3240,3.04,0.05,-0.10639999999999998
3245,3.04,0.06,-0.10639999999999998
3250,3.03,0.04,-0.11200000000000011
3255,3.17,0.04,-0.03360000000000003
3260,3.16,0.04,-0.039199999999999915
3265,3.32,0.05,0.050399999999999924
3270,3.27,0.05,0.02240000000000002
3275,3.33,0.05,0.05600000000000006
3280,3.26,0.04,0.01679999999999989
3285,3.4,0.04,0.09519999999999997
3290,3.65,0.04,0.2352
3295,3.74,0.04,0.28560000000000013
3300,3.71,0.03,0.26880000000000004
3305,3.42,0.04,0.10639999999999998
3310,3.37,0.05,0.07840000000000008
3315,3.22,0.05,-0.005599999999999881
3320,3.1,0.04,-0.07279999999999995
3325,3.2,0.05,-0.01679999999999989
3330,3.21,0.05,-0.01120000000000001
3335,3.25,0.04,0.01120000000000001
3340,3.41,0.04,0.1008000000000001
3345,3.31,0.04,0.04480000000000004
3350,3.18,0.04,-0.027999999999999903
3355,3.22,0.05,-0.005599999999999881
3360,3.17,0.04,-0.03360000000000003
3365,3.11,0.03,-0.06720000000000007
3370,3.15,0.04,-0.04480000000000004
3375,3.35,0.03,0.06720000000000007
3380,3.35,0.03,0.06720000000000007
3385,3.25,0.04,0.01120000000000001
3390,3.16,0.05,-0.039199999999999915
3395,3.08,0.04,-0.08399999999999996
3400,3.13,0.04,-0.05600000000000006
3405,3.14,0.04,-0.050399999999999924
3410,3.08,0.05,-0.08399999999999996
3415,2.99,0.05,-0.13439999999999988
3420,3.1,0.05,-0.07279999999999995
3425,3.2,0.05,-0.01679999999999989
3430,3.11,0.04,-0.06720000000000007
3435,2.9,0.04,-0.18480000000000005
3440,2.9,0.03,-0.18480000000000005
3445,3.04,0.03,-0.10639999999999998
3450,3.12,0.03,-0.06159999999999994
3455,3.03,0.04,-0.11200000000000011
3460,3.07,0.06,-0.08960000000000008
3465,3.23,0.05,0.0
3470,3.09,0.04,-0.07840000000000008
3475,2.92,0.04,-0.17360000000000006
3480,2.89,0.05,-0.19039999999999993
3485,3.0,0.04,-0.1288
3490,2.98,0.04,-0.14
3495,3.06,0.04,-0.09519999999999997
3500,2.93,0.05,-0.16799999999999993
3505,2.95,0.05,-0.1567999999999999
3510,2.97,0.06,-0.1455999999999999
3515,3.04,0.05,-0.10639999999999998
3520,3.11,0.04,-0.06720000000000007
3525,3.18,0.05,-0.027999999999999903
3530,3.14,0.04,-0.050399999999999924
3535,3.01,0.04,-0.12320000000000011
3540,2.92,0.04,-0.17360000000000006
3545,3.01,0.03,-0.12320000000000011
3550,3.11,0.04,-0.06720000000000007
3555,3.12,0.03,-0.06159999999999994
3560,3.14,0.03,-0.050399999999999924
3565,3.05,0.04,-0.1008000000000001
3570,2.89,0.04,-0.19039999999999993
3575,2.94,0.04,-0.16240000000000004
3580,3.18,0.03,-0.027999999999999903
3585,3.16,0.03,-0.039199999999999915
3590,3.15,0.05,-0.04480000000000004
3595,2.99,0.06,-0.13439999999999988
3600,3.0,0.04,-0.1288
3605,3.09,0.05,-0.07840000000000008
3610,2.93,0.04,-0.16799999999999993
3615,3.04,0.04,-0.10639999999999998
3620,3.2,0.05,-0.01679999999999989
3625,3.33,0.04,0.05600000000000006
3630,3.41,0.04,0.1008000000000001
3635,3.29,0.04,0.03360000000000003
3640,3.05,0.05,-0.1008000000000001
3645,2.98,0.04,-0.14
3650,2.96,0.03,-0.15120000000000003
3655,3.14,0.04,-0.050399999999999924
3660,3.18,0.05,-0.027999999999999903
3665,3.4,0.03,0.09519999999999997
3670,3.45,0.03,0.12320000000000011
3675,3.21,0.04,-0.01120000000000001
3680,3.05,0.03,-0.1008000000000001
3685,2.98,0.04,-0.14
3690,2.92,0.04,-0.17360000000000006
3695,3.02,0.04,-0.1176
3700,3.05,0.05,-0.1008000000000001
3705,3.1,0.04,-0.07279999999999995
3710,3.28,0.05,0.027999999999999903
3715,3.29,0.04,0.03360000000000003
3720,2.97,0.04,-0.1455999999999999
3725,2.83,0.06,-0.22399999999999998
3730,3.0,0.04,-0.1288
3735,2.93,0.04,-0.16799999999999993
3740,2.96,0.04,-0.15120000000000003
3745,3.2,0.05,-0.01679999999999989
3750,3.08,0.05,-0.08399999999999996
3755,2.98,0.05,-0.14
3760,2.93,0.04,-0.16799999999999993
3765,2.89,0.03,-0.19039999999999993
3770,3.09,0.03,-0.07840000000000008
3775,3.08,0.04,-0.08399999999999996
3780,3.05,0.04,-0.1008000000000001
3785,2.97,0.04,-0.1455999999999999
3790,3.06,0.06,-0.09519999999999997
3795,3.21,0.07,-0.01120000000000001
3800,3.0,0.06,-0.1288
3805,3.1,0.05,-0.07279999999999995
3810,3.05,0.04,-0.1008000000000001
3815,3.0,0.06,-0.1288
3820,2.99,0.05,-0.13439999999999988
3825,3.22,0.04,-0.005599999999999881
3830,3.26,0.04,0.01679999999999989
3835,3.05,0.04,-0.1008000000000001
3840,2.86,0.04,-0.20720000000000008
3845,2.88,0.05,-0.19600000000000006
3850,2.9,0.05,-0.18480000000000005
3855,2.89,0.05,-0.19039999999999993
3860,2.89,0.04,-0.19039999999999993
3865,3.17,0.05,-0.03360000000000003
3870,3.16,0.05,-0.039199999999999915
3875,3.25,0.04,0.01120000000000001
3880,3.01,0.06,-0.12320000000000011
3885,2.95,0.04,-0.1567999999999999
3890,2.89,0.04,-0.19039999999999993
3895,3.06,0.04,-0.09519999999999997
3900,2.92,0.04,-0.17360000000000006
3905,2.92,0.03,-0.17360000000000006
3910,2.87,0.03,-0.20159999999999995
3915,3.07,0.04,-0.08960000000000008
3920,3.08,0.03,-0.08399999999999996
3925,2.91,0.04,-0.17919999999999991
3930,2.89,0.04,-0.19039999999999993
3935,2.83,0.05,-0.22399999999999998
3940,2.97,0.05,-0.1455999999999999
3945,3.04,0.03,-0.10639999999999998
3950,3.02,0.04,-0.1176
3955,2.9,0.06,-0.18480000000000005
3960,2.89,0.05,-0.19039999999999993
3965,2.94,0.04,-0.16240000000000004
3970,3.01,0.05,-0.12320000000000011
3975,3.01,0.06,-0.12320000000000011
3980,3.06,0.05,-0.09519999999999997
3985,3.06,0.08,-0.09519999999999997
3990,3.24,0.06,0.00560000000000013
3995,3.3,0.04,0.039199999999999915
4000,3.23,0.05,0.0
4005,3.16,0.06,-0.039199999999999915
4010,2.96,0.06,-0.15120000000000003
4015,2.95,0.05,-0.1567999999999999
4020,3.07,0.05,-0.08960000000000008
4025,3.02,0.04,-0.1176
4030,3.12,0.04,-0.06159999999999994
4035,3.17,0.05,-0.03360000000000003
4040,3.2,0.05,-0.01679999999999989
4045,3.16,0.04,-0.039199999999999915
4050,3.06,0.04,-0.09519999999999997
4055,3.06,0.06,-0.09519999999999997
4060,3.1,0.04,-0.07279999999999995
4065,3.01,0.04,-0.12320000000000011
4070,3.08,0.05,-0.08399999999999996
4075,3.02,0.07,-0.1176
4080,3.01,0.04,-0.12320000000000011
4085,3.03,0.06,-0.11200000000000011
4090,3.07,0.04,-0.08960000000000008
4095,3.07,0.05,-0.08960000000000008
4100,2.87,0.05,-0.20159999999999995
4105,2.88,0.05,-0.19600000000000006
4110,2.87,0.04,-0.20159999999999995
4115,2.91,0.04,-0.17919999999999991
4120,2.94,0.04,-0.16240000000000004
4125,3.0,0.05,-0.1288
4130,2.82,0.03,-0.2296000000000001
4135,2.98,0.04,-0.14
4140,2.92,0.04,-0.17360000000000006
4145,2.98,0.04,-0.14
4150,3.11,0.05,-0.06720000000000007
4155,3.16,0.06,-0.039199999999999915
4160,3.11,0.05,-0.06720000000000007
4165,3.0,0.05,-0.1288
4170,3.06,0.09,-0.09519999999999997
4175,2.99,0.05,-0.13439999999999988
4180,2.87,0.09,-0.20159999999999995
4185,2.86,0.04,-0.20720000000000008
4190,2.95,0.06,-0.1567999999999999
4195,3.04,0.05,-0.10639999999999998
4200,3.11,0.04,-0.06720000000000007
4205,3.04,0.06,-0.10639999999999998
4210,3.0,0.04,-0.1288
4215,2.85,0.04,-0.21279999999999996
4220,3.0,0.04,-0.1288
4225,2.98,0.05,-0.14
4230,2.91,0.04,-0.17919999999999991
4235,3.03,0.04,-0.11200000000000011
4240,3.03,0.04,-0.11200000000000011
4245,3.06,0.04,-0.09519999999999997
4250,2.99,0.03,-0.13439999999999988
4255,3.1,0.08,-0.07279999999999995
4260,2.95,0.06,-0.1567999999999999
4265,2.96,0.04,-0.15120000000000003
4270,2.88,0.09,-0.19600000000000006
4275,3.06,0.07,-0.09519999999999997
4280,2.9,0.04,-0.18480000000000005
4285,2.95,0.06,-0.1567999999999999
4290,3.02,0.04,-0.1176
4295,3.03,0.05,-0.11200000000000011
4300,3.04,0.05,-0.10639999999999998
4305,2.88,0.04,-0.19600000000000006
4310,2.86,0.05,-0.20720000000000008
4315,2.85,0.05,-0.21279999999999996
4320,2.84,0.06,-0.2184000000000001
4325,2.83,0.05,-0.22399999999999998
4330,3.0,0.05,-0.1288
4335,2.85,0.06,-0.21279999999999996
4340,2.73,0.05,-0.28
4345,2.87,0.04,-0.20159999999999995
4350,2.84,0.08,-0.2184000000000001
4355,2.89,0.07,-0.19039999999999993
4360,3.03,0.04,-0.11200000000000011
4365,3.07,0.05,-0.08960000000000008
4370,2.95,0.05,-0.1567999999999999
4375,2.89,0.06,-0.19039999999999993
4380,2.98,0.04,-0.14
4385,2.76,0.06,-0.26320000000000016
4390,2.83,0.06,-0.22399999999999998
4395,2.94,0.06,-0.16240000000000004
4400,2.99,0.04,-0.13439999999999988
4405,3.08,0.03,-0.08399999999999996
4410,3.03,0.05,-0.11200000000000011
4415,3.13,0.04,-0.05600000000000006
4420,2.97,0.05,-0.1455999999999999
4425,2.94,0.04,-0.16240000000000004
4430,2.88,0.05,-0.19600000000000006
4435,2.92,0.06,-0.17360000000000006
4440,2.88,0.05,-0.19600000000000006
4445,2.9,0.05,-0.18480000000000005
4450,3.03,0.05,-0.11200000000000011
4455,2.95,0.05,-0.1567999999999999
4460,2.85,0.04,-0.21279999999999996
4465,2.85,0.05,-0.21279999999999996
4470,2.87,0.06,-0.20159999999999995
4475,2.86,0.06,-0.20720000000000008
4480,2.95,0.05,-0.1567999999999999
4485,2.92,0.04,-0.17360000000000006
4490,3.1,0.07,-0.07279999999999995
4495,3.1,0.06,-0.07279999999999995
4500,3.12,0.06,-0.06159999999999994
4505,3.07,0.06,-0.08960000000000008
4510,2.93,0.05,-0.16799999999999993
4515,2.99,0.07,-0.13439999999999988
4520,2.79,0.07,-0.24639999999999998
4525,3.01,0.05,-0.12320000000000011
4530,3.04,0.05,-0.10639999999999998
4535,3.09,0.05,-0.07840000000000008
4540,2.87,0.04,-0.20159999999999995
4545,2.81,0.08,-0.2352
4550,2.88,0.05,-0.19600000000000006
4555,2.9,0.04,-0.18480000000000005
4560,3.02,0.05,-0.1176
4565,2.93,0.05,-0.16799999999999993
4570,2.98,0.04,-0.14
4575,3.16,0.05,-0.039199999999999915
4580,3.11,0.04,-0.06720000000000007
4585,3.1,0.04,-0.07279999999999995
4590,3.0,0.04,-0.1288
4595,3.0,0.03,-0.1288
4600,2.98,0.04,-0.14
4605,3.09,0.04,-0.07840000000000008
4610,3.14,0.06,-0.050399999999999924
4615,3.05,0.05,-0.1008000000000001
4620,3.04,0.05,-0.10639999999999998
4625,3.01,0.04,-0.12320000000000011
4630,3.02,0.06,-0.1176
4635,2.95,0.05,-0.1567999999999999
4640,2.95,0.06,-0.1567999999999999
4645,2.93,0.05,-0.16799999999999993
4650,3.09,0.05,-0.07840000000000008
4655,3.13,0.06,-0.05600000000000006
4660,2.88,0.05,-0.19600000000000006
4665,2.97,0.06,-0.1455999999999999
4670,2.86,0.05,-0.20720000000000008
4675,2.92,0.06,-0.17360000000000006
4680,2.86,0.06,-0.20720000000000008
4685,3.06,0.07,-0.09519999999999997
4690,3.17,0.05,-0.03360000000000003
4695,3.08,0.04,-0.08399999999999996
4700,3.13,0.04,-0.05600000000000006
4705,2.97,0.05,-0.1455999999999999
4710,2.92,0.06,-0.17360000000000006
4715,3.03,0.04,-0.11200000000000011
4720,2.95,0.06,-0.1567999999999999
4725,3.13,0.04,-0.05600000000000006
4730,3.14,0.05,-0.050399999999999924
4735,3.09,0.04,-0.07840000000000008
4740,2.91,0.04,-0.17919999999999991
4745,2.96,0.04,-0.15120000000000003
4750,3.04,0.04,-0.10639999999999998
4755,2.86,0.07,-0.20720000000000008
4760,2.92,0.05,-0.17360000000000006
4765,3.0,0.03,-0.1288
4770,3.2,0.06,-0.01679999999999989
4775,3.17,0.06,-0.03360000000000003
4780,3.0,0.04,-0.1288
4785,2.99,0.05,-0.13439999999999988
4790,2.93,0.05,-0.16799999999999993
4795,2.96,0.05,-0.15120000000000003
4800,2.99,0.03,-0.13439999999999988
4805,2.99,0.08,-0.13439999999999988
4810,3.15,0.05,-0.04480000000000004
4815,3.15,0.04,-0.04480000000000004
4820,3.03,0.05,-0.11200000000000011
4825,2.83,0.05,-0.22399999999999998
4830,2.85,0.06,-0.21279999999999996
4835,2.96,0.06,-0.15120000000000003
4840,3.04,0.06,-0.10639999999999998
4845,3.24,0.05,0.00560000000000013
4850,3.3,0.05,0.039199999999999915
4855,3.08,0.06,-0.08399999999999996
4860,3.06,0.05,-0.09519999999999997
4865,2.98,0.05,-0.14
4870,2.88,0.06,-0.19600000000000006
4875,2.86,0.05,-0.20720000000000008
4880,2.91,0.06,-0.17919999999999991
4885,3.18,0.06,-0.027999999999999903
4890,3.27,0.1,0.02240000000000002
4895,3.3,0.07,0.039199999999999915
4900,3.15,0.06,-0.04480000000000004
4905,3.03,0.05,-0.11200000000000011
4910,2.85,0.06,-0.21279999999999996
4915,2.85,0.04,-0.21279999999999996
4920,2.96,0.05,-0.15120000000000003
4925,2.77,0.07,-0.2576
4930,2.91,0.04,-0.17919999999999991
4935,3.03,0.06,-0.11200000000000011
4940,3.07,0.05,-0.08960000000000008
4945,3.03,0.07,-0.11200000000000011
4950,3.05,0.06,-0.1008000000000001
4955,2.84,0.12,-0.2184000000000001
4960,2.86,0.07,-0.20720000000000008
4965,2.91,0.08,-0.17919999999999991
4970,2.93,0.09,-0.16799999999999993
4975,2.94,0.06,-0.16240000000000004
4980,3.17,0.06,-0.03360000000000003
4985,2.95,0.07,-0.1567999999999999
4990,2.74,0.05,-0.2743999999999999
4995,2.85,0.05,-0.21279999999999996
5000,2.79,0.04,-0.24639999999999998
5005,2.95,0.06,-0.1567999999999999
5010,2.94,0.06,-0.16240000000000004
5015,2.87,0.07,-0.20159999999999995
5020,2.74,0.07,-0.2743999999999999
5025,2.74,0.1,-0.2743999999999999
5030,2.77,0.06,-0.2576
5035,2.79,0.08,-0.24639999999999998
5040,3.06,0.06,-0.09519999999999997
5045,3.17,0.05,-0.03360000000000003
5050,3.04,0.07,-0.10639999999999998
5055,3.06,0.08,-0.09519999999999997
5060,2.85,0.06,-0.21279999999999996
5065,2.9,0.1,-0.18480000000000005
5070,2.93,0.08,-0.16799999999999993
5075,2.69,0.07,-0.30240000000000006
5080,2.78,0.09,-0.2520000000000001
5085,2.81,0.07,-0.2352
5090,2.66,0.06,-0.31919999999999993
5095,2.88,0.06,-0.19600000000000006
5100,3.0,0.11,-0.1288
5105,3.04,0.05,-0.10639999999999998
5110,2.92,0.04,-0.17360000000000006
5115,2.86,0.07,-0.20720000000000008
5120,2.8,0.08,-0.24080000000000013
5125,2.72,0.02,-0.2855999999999999
5130,2.68,0.06,-0.30799999999999994
5135,2.65,0.08,-0.3248000000000001
5140,2.94,0.07,-0.16240000000000004
5145,2.9,0.05,-0.18480000000000005
5150,2.89,0.09,-0.19039999999999993
5155,2.91,0.07,-0.17919999999999991
5160,2.82,0.13,-0.2296000000000001
5165,2.95,0.05,-0.1567999999999999
5170,3.02,0.09,-0.1176
5175,3.21,0.1,-0.01120000000000001
5180,3.11,0.08,-0.06720000000000007
5185,3.02,0.08,-0.1176
5190,3.0,0.07,-0.1288
5195,2.82,0.11,-0.2296000000000001
5200,2.86,0.08,-0.20720000000000008
5205,3.0,0.11,-0.1288
5210,2.96,0.06,-0.15120000000000003
5215,2.87,0.06,-0.20159999999999995
5220,2.84,0.09,-0.2184000000000001
5225,2.93,0.07,-0.16799999999999993
5230,2.98,0.05,-0.14
5235,2.77,0.08,-0.2576
5240,2.92,0.07,-0.17360000000000006
5245,2.97,0.09,-0.1455999999999999
5250,3.06,0.09,-0.09519999999999997
5255,3.09,0.12,-0.07840000000000008
5260,3.01,0.07,-0.12320000000000011
5265,2.98,0.08,-0.14
5270,2.8,0.07,-0.24080000000000013
5275,2.89,0.11,-0.19039999999999993
5280,2.89,0.08,-0.19039999999999993
5285,2.8,0.06,-0.24080000000000013
5290,2.92,0.03,-0.17360000000000006
5295,2.97,0.06,-0.1455999999999999
5300,2.91,0.06,-0.17919999999999991
5305,2.79,0.04,-0.24639999999999998
5310,2.79,0.09,-0.24639999999999998
5315,2.84,0.07,-0.2184000000000001
5320,2.91,0.09,-0.17919999999999991
